index,date,realtime_end,realtime_start,value
1,1947-01-01,2019-10-31,2019-10-31,21.48
2,1947-02-01,2019-10-31,2019-10-31,21.62
3,1947-03-01,2019-10-31,2019-10-31,22.0
4,1947-04-01,2019-10-31,2019-10-31,22.0
5,1947-05-01,2019-10-31,2019-10-31,21.95
6,1947-06-01,2019-10-31,2019-10-31,22.08
7,1947-07-01,2019-10-31,2019-10-31,22.23
8,1947-08-01,2019-10-31,2019-10-31,22.4
9,1947-09-01,2019-10-31,2019-10-31,22.84
10,1947-10-01,2019-10-31,2019-10-31,22.91
11,1947-11-01,2019-10-31,2019-10-31,23.06
12,1947-12-01,2019-10-31,2019-10-31,23.41
13,1948-01-01,2019-10-31,2019-10-31,23.68
14,1948-02-01,2019-10-31,2019-10-31,23.67
15,1948-03-01,2019-10-31,2019-10-31,23.5
16,1948-04-01,2019-10-31,2019-10-31,23.82
17,1948-05-01,2019-10-31,2019-10-31,24.01
18,1948-06-01,2019-10-31,2019-10-31,24.15
19,1948-07-01,2019-10-31,2019-10-31,24.4
20,1948-08-01,2019-10-31,2019-10-31,24.43
21,1948-09-01,2019-10-31,2019-10-31,24.36
22,1948-10-01,2019-10-31,2019-10-31,24.31
23,1948-11-01,2019-10-31,2019-10-31,24.16
24,1948-12-01,2019-10-31,2019-10-31,24.05
25,1949-01-01,2019-10-31,2019-10-31,24.01
26,1949-02-01,2019-10-31,2019-10-31,23.91
27,1949-03-01,2019-10-31,2019-10-31,23.91
28,1949-04-01,2019-10-31,2019-10-31,23.92
29,1949-05-01,2019-10-31,2019-10-31,23.91
30,1949-06-01,2019-10-31,2019-10-31,23.92
31,1949-07-01,2019-10-31,2019-10-31,23.7
32,1949-08-01,2019-10-31,2019-10-31,23.7
33,1949-09-01,2019-10-31,2019-10-31,23.75
34,1949-10-01,2019-10-31,2019-10-31,23.67
35,1949-11-01,2019-10-31,2019-10-31,23.7
36,1949-12-01,2019-10-31,2019-10-31,23.61
37,1950-01-01,2019-10-31,2019-10-31,23.51
38,1950-02-01,2019-10-31,2019-10-31,23.61
39,1950-03-01,2019-10-31,2019-10-31,23.64
40,1950-04-01,2019-10-31,2019-10-31,23.65
41,1950-05-01,2019-10-31,2019-10-31,23.77
42,1950-06-01,2019-10-31,2019-10-31,23.88
43,1950-07-01,2019-10-31,2019-10-31,24.07
44,1950-08-01,2019-10-31,2019-10-31,24.2
45,1950-09-01,2019-10-31,2019-10-31,24.34
46,1950-10-01,2019-10-31,2019-10-31,24.5
47,1950-11-01,2019-10-31,2019-10-31,24.6
48,1950-12-01,2019-10-31,2019-10-31,24.98
49,1951-01-01,2019-10-31,2019-10-31,25.38
50,1951-02-01,2019-10-31,2019-10-31,25.83
51,1951-03-01,2019-10-31,2019-10-31,25.88
52,1951-04-01,2019-10-31,2019-10-31,25.92
53,1951-05-01,2019-10-31,2019-10-31,25.99
54,1951-06-01,2019-10-31,2019-10-31,25.93
55,1951-07-01,2019-10-31,2019-10-31,25.91
56,1951-08-01,2019-10-31,2019-10-31,25.86
57,1951-09-01,2019-10-31,2019-10-31,26.03
58,1951-10-01,2019-10-31,2019-10-31,26.16
59,1951-11-01,2019-10-31,2019-10-31,26.32
60,1951-12-01,2019-10-31,2019-10-31,26.47
61,1952-01-01,2019-10-31,2019-10-31,26.45
62,1952-02-01,2019-10-31,2019-10-31,26.41
63,1952-03-01,2019-10-31,2019-10-31,26.39
64,1952-04-01,2019-10-31,2019-10-31,26.46
65,1952-05-01,2019-10-31,2019-10-31,26.47
66,1952-06-01,2019-10-31,2019-10-31,26.53
67,1952-07-01,2019-10-31,2019-10-31,26.68
68,1952-08-01,2019-10-31,2019-10-31,26.69
69,1952-09-01,2019-10-31,2019-10-31,26.63
70,1952-10-01,2019-10-31,2019-10-31,26.69
71,1952-11-01,2019-10-31,2019-10-31,26.69
72,1952-12-01,2019-10-31,2019-10-31,26.71
73,1953-01-01,2019-10-31,2019-10-31,26.64
74,1953-02-01,2019-10-31,2019-10-31,26.59
75,1953-03-01,2019-10-31,2019-10-31,26.63
76,1953-04-01,2019-10-31,2019-10-31,26.69
77,1953-05-01,2019-10-31,2019-10-31,26.7
78,1953-06-01,2019-10-31,2019-10-31,26.77
79,1953-07-01,2019-10-31,2019-10-31,26.79
80,1953-08-01,2019-10-31,2019-10-31,26.85
81,1953-09-01,2019-10-31,2019-10-31,26.89
82,1953-10-01,2019-10-31,2019-10-31,26.95
83,1953-11-01,2019-10-31,2019-10-31,26.85
84,1953-12-01,2019-10-31,2019-10-31,26.87
85,1954-01-01,2019-10-31,2019-10-31,26.94
86,1954-02-01,2019-10-31,2019-10-31,26.99
87,1954-03-01,2019-10-31,2019-10-31,26.93
88,1954-04-01,2019-10-31,2019-10-31,26.86
89,1954-05-01,2019-10-31,2019-10-31,26.93
90,1954-06-01,2019-10-31,2019-10-31,26.94
91,1954-07-01,2019-10-31,2019-10-31,26.86
92,1954-08-01,2019-10-31,2019-10-31,26.85
93,1954-09-01,2019-10-31,2019-10-31,26.81
94,1954-10-01,2019-10-31,2019-10-31,26.72
95,1954-11-01,2019-10-31,2019-10-31,26.78
96,1954-12-01,2019-10-31,2019-10-31,26.77
97,1955-01-01,2019-10-31,2019-10-31,26.77
98,1955-02-01,2019-10-31,2019-10-31,26.82
99,1955-03-01,2019-10-31,2019-10-31,26.79
100,1955-04-01,2019-10-31,2019-10-31,26.79
101,1955-05-01,2019-10-31,2019-10-31,26.77
102,1955-06-01,2019-10-31,2019-10-31,26.71
103,1955-07-01,2019-10-31,2019-10-31,26.76
104,1955-08-01,2019-10-31,2019-10-31,26.72
105,1955-09-01,2019-10-31,2019-10-31,26.85
106,1955-10-01,2019-10-31,2019-10-31,26.82
107,1955-11-01,2019-10-31,2019-10-31,26.88
108,1955-12-01,2019-10-31,2019-10-31,26.87
109,1956-01-01,2019-10-31,2019-10-31,26.83
110,1956-02-01,2019-10-31,2019-10-31,26.86
111,1956-03-01,2019-10-31,2019-10-31,26.89
112,1956-04-01,2019-10-31,2019-10-31,26.93
113,1956-05-01,2019-10-31,2019-10-31,27.03
114,1956-06-01,2019-10-31,2019-10-31,27.15
115,1956-07-01,2019-10-31,2019-10-31,27.29
116,1956-08-01,2019-10-31,2019-10-31,27.31
117,1956-09-01,2019-10-31,2019-10-31,27.35
118,1956-10-01,2019-10-31,2019-10-31,27.51
119,1956-11-01,2019-10-31,2019-10-31,27.51
120,1956-12-01,2019-10-31,2019-10-31,27.63
121,1957-01-01,2019-10-31,2019-10-31,27.67
122,1957-02-01,2019-10-31,2019-10-31,27.8
123,1957-03-01,2019-10-31,2019-10-31,27.86
124,1957-04-01,2019-10-31,2019-10-31,27.93
125,1957-05-01,2019-10-31,2019-10-31,28.0
126,1957-06-01,2019-10-31,2019-10-31,28.11
127,1957-07-01,2019-10-31,2019-10-31,28.19
128,1957-08-01,2019-10-31,2019-10-31,28.28
129,1957-09-01,2019-10-31,2019-10-31,28.32
130,1957-10-01,2019-10-31,2019-10-31,28.32
131,1957-11-01,2019-10-31,2019-10-31,28.41
132,1957-12-01,2019-10-31,2019-10-31,28.47
133,1958-01-01,2019-10-31,2019-10-31,28.64
134,1958-02-01,2019-10-31,2019-10-31,28.7
135,1958-03-01,2019-10-31,2019-10-31,28.87
136,1958-04-01,2019-10-31,2019-10-31,28.94
137,1958-05-01,2019-10-31,2019-10-31,28.94
138,1958-06-01,2019-10-31,2019-10-31,28.91
139,1958-07-01,2019-10-31,2019-10-31,28.89
140,1958-08-01,2019-10-31,2019-10-31,28.94
141,1958-09-01,2019-10-31,2019-10-31,28.91
142,1958-10-01,2019-10-31,2019-10-31,28.91
143,1958-11-01,2019-10-31,2019-10-31,28.95
144,1958-12-01,2019-10-31,2019-10-31,28.97
145,1959-01-01,2019-10-31,2019-10-31,29.01
146,1959-02-01,2019-10-31,2019-10-31,29.0
147,1959-03-01,2019-10-31,2019-10-31,28.97
148,1959-04-01,2019-10-31,2019-10-31,28.98
149,1959-05-01,2019-10-31,2019-10-31,29.04
150,1959-06-01,2019-10-31,2019-10-31,29.11
151,1959-07-01,2019-10-31,2019-10-31,29.15
152,1959-08-01,2019-10-31,2019-10-31,29.18
153,1959-09-01,2019-10-31,2019-10-31,29.25
154,1959-10-01,2019-10-31,2019-10-31,29.35
155,1959-11-01,2019-10-31,2019-10-31,29.35
156,1959-12-01,2019-10-31,2019-10-31,29.41
157,1960-01-01,2019-10-31,2019-10-31,29.37
158,1960-02-01,2019-10-31,2019-10-31,29.41
159,1960-03-01,2019-10-31,2019-10-31,29.41
160,1960-04-01,2019-10-31,2019-10-31,29.54
161,1960-05-01,2019-10-31,2019-10-31,29.57
162,1960-06-01,2019-10-31,2019-10-31,29.61
163,1960-07-01,2019-10-31,2019-10-31,29.55
164,1960-08-01,2019-10-31,2019-10-31,29.61
165,1960-09-01,2019-10-31,2019-10-31,29.61
166,1960-10-01,2019-10-31,2019-10-31,29.75
167,1960-11-01,2019-10-31,2019-10-31,29.78
168,1960-12-01,2019-10-31,2019-10-31,29.81
169,1961-01-01,2019-10-31,2019-10-31,29.84
170,1961-02-01,2019-10-31,2019-10-31,29.84
171,1961-03-01,2019-10-31,2019-10-31,29.84
172,1961-04-01,2019-10-31,2019-10-31,29.81
173,1961-05-01,2019-10-31,2019-10-31,29.84
174,1961-06-01,2019-10-31,2019-10-31,29.84
175,1961-07-01,2019-10-31,2019-10-31,29.92
176,1961-08-01,2019-10-31,2019-10-31,29.94
177,1961-09-01,2019-10-31,2019-10-31,29.98
178,1961-10-01,2019-10-31,2019-10-31,29.98
179,1961-11-01,2019-10-31,2019-10-31,29.98
180,1961-12-01,2019-10-31,2019-10-31,30.01
181,1962-01-01,2019-10-31,2019-10-31,30.04
182,1962-02-01,2019-10-31,2019-10-31,30.11
183,1962-03-01,2019-10-31,2019-10-31,30.17
184,1962-04-01,2019-10-31,2019-10-31,30.21
185,1962-05-01,2019-10-31,2019-10-31,30.24
186,1962-06-01,2019-10-31,2019-10-31,30.21
187,1962-07-01,2019-10-31,2019-10-31,30.22
188,1962-08-01,2019-10-31,2019-10-31,30.28
189,1962-09-01,2019-10-31,2019-10-31,30.42
190,1962-10-01,2019-10-31,2019-10-31,30.38
191,1962-11-01,2019-10-31,2019-10-31,30.38
192,1962-12-01,2019-10-31,2019-10-31,30.38
193,1963-01-01,2019-10-31,2019-10-31,30.44
194,1963-02-01,2019-10-31,2019-10-31,30.48
195,1963-03-01,2019-10-31,2019-10-31,30.51
196,1963-04-01,2019-10-31,2019-10-31,30.48
197,1963-05-01,2019-10-31,2019-10-31,30.51
198,1963-06-01,2019-10-31,2019-10-31,30.61
199,1963-07-01,2019-10-31,2019-10-31,30.69
200,1963-08-01,2019-10-31,2019-10-31,30.75
201,1963-09-01,2019-10-31,2019-10-31,30.72
202,1963-10-01,2019-10-31,2019-10-31,30.75
203,1963-11-01,2019-10-31,2019-10-31,30.78
204,1963-12-01,2019-10-31,2019-10-31,30.88
205,1964-01-01,2019-10-31,2019-10-31,30.94
206,1964-02-01,2019-10-31,2019-10-31,30.91
207,1964-03-01,2019-10-31,2019-10-31,30.94
208,1964-04-01,2019-10-31,2019-10-31,30.95
209,1964-05-01,2019-10-31,2019-10-31,30.98
210,1964-06-01,2019-10-31,2019-10-31,31.01
211,1964-07-01,2019-10-31,2019-10-31,31.02
212,1964-08-01,2019-10-31,2019-10-31,31.05
213,1964-09-01,2019-10-31,2019-10-31,31.08
214,1964-10-01,2019-10-31,2019-10-31,31.12
215,1964-11-01,2019-10-31,2019-10-31,31.21
216,1964-12-01,2019-10-31,2019-10-31,31.25
217,1965-01-01,2019-10-31,2019-10-31,31.28
218,1965-02-01,2019-10-31,2019-10-31,31.28
219,1965-03-01,2019-10-31,2019-10-31,31.31
220,1965-04-01,2019-10-31,2019-10-31,31.38
221,1965-05-01,2019-10-31,2019-10-31,31.48
222,1965-06-01,2019-10-31,2019-10-31,31.61
223,1965-07-01,2019-10-31,2019-10-31,31.58
224,1965-08-01,2019-10-31,2019-10-31,31.55
225,1965-09-01,2019-10-31,2019-10-31,31.62
226,1965-10-01,2019-10-31,2019-10-31,31.65
227,1965-11-01,2019-10-31,2019-10-31,31.75
228,1965-12-01,2019-10-31,2019-10-31,31.85
229,1966-01-01,2019-10-31,2019-10-31,31.88
230,1966-02-01,2019-10-31,2019-10-31,32.08
231,1966-03-01,2019-10-31,2019-10-31,32.18
232,1966-04-01,2019-10-31,2019-10-31,32.28
233,1966-05-01,2019-10-31,2019-10-31,32.35
234,1966-06-01,2019-10-31,2019-10-31,32.38
235,1966-07-01,2019-10-31,2019-10-31,32.45
236,1966-08-01,2019-10-31,2019-10-31,32.65
237,1966-09-01,2019-10-31,2019-10-31,32.75
238,1966-10-01,2019-10-31,2019-10-31,32.85
239,1966-11-01,2019-10-31,2019-10-31,32.88
240,1966-12-01,2019-10-31,2019-10-31,32.92
241,1967-01-01,2019-10-31,2019-10-31,32.9
242,1967-02-01,2019-10-31,2019-10-31,33.0
243,1967-03-01,2019-10-31,2019-10-31,33.0
244,1967-04-01,2019-10-31,2019-10-31,33.1
245,1967-05-01,2019-10-31,2019-10-31,33.1
246,1967-06-01,2019-10-31,2019-10-31,33.3
247,1967-07-01,2019-10-31,2019-10-31,33.4
248,1967-08-01,2019-10-31,2019-10-31,33.5
249,1967-09-01,2019-10-31,2019-10-31,33.6
250,1967-10-01,2019-10-31,2019-10-31,33.7
251,1967-11-01,2019-10-31,2019-10-31,33.9
252,1967-12-01,2019-10-31,2019-10-31,34.0
253,1968-01-01,2019-10-31,2019-10-31,34.1
254,1968-02-01,2019-10-31,2019-10-31,34.2
255,1968-03-01,2019-10-31,2019-10-31,34.3
256,1968-04-01,2019-10-31,2019-10-31,34.4
257,1968-05-01,2019-10-31,2019-10-31,34.5
258,1968-06-01,2019-10-31,2019-10-31,34.7
259,1968-07-01,2019-10-31,2019-10-31,34.9
260,1968-08-01,2019-10-31,2019-10-31,35.0
261,1968-09-01,2019-10-31,2019-10-31,35.1
262,1968-10-01,2019-10-31,2019-10-31,35.3
263,1968-11-01,2019-10-31,2019-10-31,35.4
264,1968-12-01,2019-10-31,2019-10-31,35.6
265,1969-01-01,2019-10-31,2019-10-31,35.7
266,1969-02-01,2019-10-31,2019-10-31,35.8
267,1969-03-01,2019-10-31,2019-10-31,36.1
268,1969-04-01,2019-10-31,2019-10-31,36.3
269,1969-05-01,2019-10-31,2019-10-31,36.4
270,1969-06-01,2019-10-31,2019-10-31,36.6
271,1969-07-01,2019-10-31,2019-10-31,36.8
272,1969-08-01,2019-10-31,2019-10-31,36.9
273,1969-09-01,2019-10-31,2019-10-31,37.1
274,1969-10-01,2019-10-31,2019-10-31,37.3
275,1969-11-01,2019-10-31,2019-10-31,37.5
276,1969-12-01,2019-10-31,2019-10-31,37.7
277,1970-01-01,2019-10-31,2019-10-31,37.9
278,1970-02-01,2019-10-31,2019-10-31,38.1
279,1970-03-01,2019-10-31,2019-10-31,38.3
280,1970-04-01,2019-10-31,2019-10-31,38.5
281,1970-05-01,2019-10-31,2019-10-31,38.6
282,1970-06-01,2019-10-31,2019-10-31,38.8
283,1970-07-01,2019-10-31,2019-10-31,38.9
284,1970-08-01,2019-10-31,2019-10-31,39.0
285,1970-09-01,2019-10-31,2019-10-31,39.2
286,1970-10-01,2019-10-31,2019-10-31,39.4
287,1970-11-01,2019-10-31,2019-10-31,39.6
288,1970-12-01,2019-10-31,2019-10-31,39.8
289,1971-01-01,2019-10-31,2019-10-31,39.9
290,1971-02-01,2019-10-31,2019-10-31,39.9
291,1971-03-01,2019-10-31,2019-10-31,40.0
292,1971-04-01,2019-10-31,2019-10-31,40.1
293,1971-05-01,2019-10-31,2019-10-31,40.3
294,1971-06-01,2019-10-31,2019-10-31,40.5
295,1971-07-01,2019-10-31,2019-10-31,40.6
296,1971-08-01,2019-10-31,2019-10-31,40.7
297,1971-09-01,2019-10-31,2019-10-31,40.8
298,1971-10-01,2019-10-31,2019-10-31,40.9
299,1971-11-01,2019-10-31,2019-10-31,41.0
300,1971-12-01,2019-10-31,2019-10-31,41.1
301,1972-01-01,2019-10-31,2019-10-31,41.2
302,1972-02-01,2019-10-31,2019-10-31,41.4
303,1972-03-01,2019-10-31,2019-10-31,41.4
304,1972-04-01,2019-10-31,2019-10-31,41.5
305,1972-05-01,2019-10-31,2019-10-31,41.6
306,1972-06-01,2019-10-31,2019-10-31,41.7
307,1972-07-01,2019-10-31,2019-10-31,41.8
308,1972-08-01,2019-10-31,2019-10-31,41.9
309,1972-09-01,2019-10-31,2019-10-31,42.1
310,1972-10-01,2019-10-31,2019-10-31,42.2
311,1972-11-01,2019-10-31,2019-10-31,42.4
312,1972-12-01,2019-10-31,2019-10-31,42.5
313,1973-01-01,2019-10-31,2019-10-31,42.7
314,1973-02-01,2019-10-31,2019-10-31,43.0
315,1973-03-01,2019-10-31,2019-10-31,43.4
316,1973-04-01,2019-10-31,2019-10-31,43.7
317,1973-05-01,2019-10-31,2019-10-31,43.9
318,1973-06-01,2019-10-31,2019-10-31,44.2
319,1973-07-01,2019-10-31,2019-10-31,44.2
320,1973-08-01,2019-10-31,2019-10-31,45.0
321,1973-09-01,2019-10-31,2019-10-31,45.2
322,1973-10-01,2019-10-31,2019-10-31,45.6
323,1973-11-01,2019-10-31,2019-10-31,45.9
324,1973-12-01,2019-10-31,2019-10-31,46.3
325,1974-01-01,2019-10-31,2019-10-31,46.8
326,1974-02-01,2019-10-31,2019-10-31,47.3
327,1974-03-01,2019-10-31,2019-10-31,47.8
328,1974-04-01,2019-10-31,2019-10-31,48.1
329,1974-05-01,2019-10-31,2019-10-31,48.6
330,1974-06-01,2019-10-31,2019-10-31,49.0
331,1974-07-01,2019-10-31,2019-10-31,49.3
332,1974-08-01,2019-10-31,2019-10-31,49.9
333,1974-09-01,2019-10-31,2019-10-31,50.6
334,1974-10-01,2019-10-31,2019-10-31,51.0
335,1974-11-01,2019-10-31,2019-10-31,51.5
336,1974-12-01,2019-10-31,2019-10-31,51.9
337,1975-01-01,2019-10-31,2019-10-31,52.3
338,1975-02-01,2019-10-31,2019-10-31,52.6
339,1975-03-01,2019-10-31,2019-10-31,52.8
340,1975-04-01,2019-10-31,2019-10-31,53.0
341,1975-05-01,2019-10-31,2019-10-31,53.1
342,1975-06-01,2019-10-31,2019-10-31,53.5
343,1975-07-01,2019-10-31,2019-10-31,54.0
344,1975-08-01,2019-10-31,2019-10-31,54.2
345,1975-09-01,2019-10-31,2019-10-31,54.6
346,1975-10-01,2019-10-31,2019-10-31,54.9
347,1975-11-01,2019-10-31,2019-10-31,55.3
348,1975-12-01,2019-10-31,2019-10-31,55.6
349,1976-01-01,2019-10-31,2019-10-31,55.8
350,1976-02-01,2019-10-31,2019-10-31,55.9
351,1976-03-01,2019-10-31,2019-10-31,56.0
352,1976-04-01,2019-10-31,2019-10-31,56.1
353,1976-05-01,2019-10-31,2019-10-31,56.4
354,1976-06-01,2019-10-31,2019-10-31,56.7
355,1976-07-01,2019-10-31,2019-10-31,57.0
356,1976-08-01,2019-10-31,2019-10-31,57.3
357,1976-09-01,2019-10-31,2019-10-31,57.6
358,1976-10-01,2019-10-31,2019-10-31,57.9
359,1976-11-01,2019-10-31,2019-10-31,58.1
360,1976-12-01,2019-10-31,2019-10-31,58.4
361,1977-01-01,2019-10-31,2019-10-31,58.7
362,1977-02-01,2019-10-31,2019-10-31,59.3
363,1977-03-01,2019-10-31,2019-10-31,59.6
364,1977-04-01,2019-10-31,2019-10-31,60.0
365,1977-05-01,2019-10-31,2019-10-31,60.2
366,1977-06-01,2019-10-31,2019-10-31,60.5
367,1977-07-01,2019-10-31,2019-10-31,60.8
368,1977-08-01,2019-10-31,2019-10-31,61.1
369,1977-09-01,2019-10-31,2019-10-31,61.3
370,1977-10-01,2019-10-31,2019-10-31,61.6
371,1977-11-01,2019-10-31,2019-10-31,62.0
372,1977-12-01,2019-10-31,2019-10-31,62.3
373,1978-01-01,2019-10-31,2019-10-31,62.7
374,1978-02-01,2019-10-31,2019-10-31,63.0
375,1978-03-01,2019-10-31,2019-10-31,63.4
376,1978-04-01,2019-10-31,2019-10-31,63.9
377,1978-05-01,2019-10-31,2019-10-31,64.5
378,1978-06-01,2019-10-31,2019-10-31,65.0
379,1978-07-01,2019-10-31,2019-10-31,65.5
380,1978-08-01,2019-10-31,2019-10-31,65.9
381,1978-09-01,2019-10-31,2019-10-31,66.5
382,1978-10-01,2019-10-31,2019-10-31,67.1
383,1978-11-01,2019-10-31,2019-10-31,67.5
384,1978-12-01,2019-10-31,2019-10-31,67.9
385,1979-01-01,2019-10-31,2019-10-31,68.5
386,1979-02-01,2019-10-31,2019-10-31,69.2
387,1979-03-01,2019-10-31,2019-10-31,69.9
388,1979-04-01,2019-10-31,2019-10-31,70.6
389,1979-05-01,2019-10-31,2019-10-31,71.4
390,1979-06-01,2019-10-31,2019-10-31,72.2
391,1979-07-01,2019-10-31,2019-10-31,73.0
392,1979-08-01,2019-10-31,2019-10-31,73.7
393,1979-09-01,2019-10-31,2019-10-31,74.4
394,1979-10-01,2019-10-31,2019-10-31,75.2
395,1979-11-01,2019-10-31,2019-10-31,76.0
396,1979-12-01,2019-10-31,2019-10-31,76.9
397,1980-01-01,2019-10-31,2019-10-31,78.0
398,1980-02-01,2019-10-31,2019-10-31,79.0
399,1980-03-01,2019-10-31,2019-10-31,80.1
400,1980-04-01,2019-10-31,2019-10-31,80.9
401,1980-05-01,2019-10-31,2019-10-31,81.7
402,1980-06-01,2019-10-31,2019-10-31,82.5
403,1980-07-01,2019-10-31,2019-10-31,82.6
404,1980-08-01,2019-10-31,2019-10-31,83.2
405,1980-09-01,2019-10-31,2019-10-31,83.9
406,1980-10-01,2019-10-31,2019-10-31,84.7
407,1980-11-01,2019-10-31,2019-10-31,85.6
408,1980-12-01,2019-10-31,2019-10-31,86.4
409,1981-01-01,2019-10-31,2019-10-31,87.2
410,1981-02-01,2019-10-31,2019-10-31,88.0
411,1981-03-01,2019-10-31,2019-10-31,88.6
412,1981-04-01,2019-10-31,2019-10-31,89.1
413,1981-05-01,2019-10-31,2019-10-31,89.7
414,1981-06-01,2019-10-31,2019-10-31,90.5
415,1981-07-01,2019-10-31,2019-10-31,91.5
416,1981-08-01,2019-10-31,2019-10-31,92.2
417,1981-09-01,2019-10-31,2019-10-31,93.1
418,1981-10-01,2019-10-31,2019-10-31,93.4
419,1981-11-01,2019-10-31,2019-10-31,93.8
420,1981-12-01,2019-10-31,2019-10-31,94.1
421,1982-01-01,2019-10-31,2019-10-31,94.4
422,1982-02-01,2019-10-31,2019-10-31,94.7
423,1982-03-01,2019-10-31,2019-10-31,94.7
424,1982-04-01,2019-10-31,2019-10-31,95.0
425,1982-05-01,2019-10-31,2019-10-31,95.9
426,1982-06-01,2019-10-31,2019-10-31,97.0
427,1982-07-01,2019-10-31,2019-10-31,97.5
428,1982-08-01,2019-10-31,2019-10-31,97.7
429,1982-09-01,2019-10-31,2019-10-31,97.7
430,1982-10-01,2019-10-31,2019-10-31,98.1
431,1982-11-01,2019-10-31,2019-10-31,98.0
432,1982-12-01,2019-10-31,2019-10-31,97.7
433,1983-01-01,2019-10-31,2019-10-31,97.9
434,1983-02-01,2019-10-31,2019-10-31,98.0
435,1983-03-01,2019-10-31,2019-10-31,98.1
436,1983-04-01,2019-10-31,2019-10-31,98.8
437,1983-05-01,2019-10-31,2019-10-31,99.2
438,1983-06-01,2019-10-31,2019-10-31,99.4
439,1983-07-01,2019-10-31,2019-10-31,99.8
440,1983-08-01,2019-10-31,2019-10-31,100.1
441,1983-09-01,2019-10-31,2019-10-31,100.4
442,1983-10-01,2019-10-31,2019-10-31,100.8
443,1983-11-01,2019-10-31,2019-10-31,101.1
444,1983-12-01,2019-10-31,2019-10-31,101.4
445,1984-01-01,2019-10-31,2019-10-31,102.1
446,1984-02-01,2019-10-31,2019-10-31,102.6
447,1984-03-01,2019-10-31,2019-10-31,102.9
448,1984-04-01,2019-10-31,2019-10-31,103.3
449,1984-05-01,2019-10-31,2019-10-31,103.5
450,1984-06-01,2019-10-31,2019-10-31,103.7
451,1984-07-01,2019-10-31,2019-10-31,104.1
452,1984-08-01,2019-10-31,2019-10-31,104.4
453,1984-09-01,2019-10-31,2019-10-31,104.7
454,1984-10-01,2019-10-31,2019-10-31,105.1
455,1984-11-01,2019-10-31,2019-10-31,105.3
456,1984-12-01,2019-10-31,2019-10-31,105.5
457,1985-01-01,2019-10-31,2019-10-31,105.7
458,1985-02-01,2019-10-31,2019-10-31,106.3
459,1985-03-01,2019-10-31,2019-10-31,106.8
460,1985-04-01,2019-10-31,2019-10-31,107.0
461,1985-05-01,2019-10-31,2019-10-31,107.2
462,1985-06-01,2019-10-31,2019-10-31,107.5
463,1985-07-01,2019-10-31,2019-10-31,107.7
464,1985-08-01,2019-10-31,2019-10-31,107.9
465,1985-09-01,2019-10-31,2019-10-31,108.1
466,1985-10-01,2019-10-31,2019-10-31,108.5
467,1985-11-01,2019-10-31,2019-10-31,109.0
468,1985-12-01,2019-10-31,2019-10-31,109.5
469,1986-01-01,2019-10-31,2019-10-31,109.9
470,1986-02-01,2019-10-31,2019-10-31,109.7
471,1986-03-01,2019-10-31,2019-10-31,109.1
472,1986-04-01,2019-10-31,2019-10-31,108.7
473,1986-05-01,2019-10-31,2019-10-31,109.0
474,1986-06-01,2019-10-31,2019-10-31,109.4
475,1986-07-01,2019-10-31,2019-10-31,109.5
476,1986-08-01,2019-10-31,2019-10-31,109.6
477,1986-09-01,2019-10-31,2019-10-31,110.0
478,1986-10-01,2019-10-31,2019-10-31,110.2
479,1986-11-01,2019-10-31,2019-10-31,110.4
480,1986-12-01,2019-10-31,2019-10-31,110.8
481,1987-01-01,2019-10-31,2019-10-31,111.4
482,1987-02-01,2019-10-31,2019-10-31,111.8
483,1987-03-01,2019-10-31,2019-10-31,112.2
484,1987-04-01,2019-10-31,2019-10-31,112.7
485,1987-05-01,2019-10-31,2019-10-31,113.0
486,1987-06-01,2019-10-31,2019-10-31,113.5
487,1987-07-01,2019-10-31,2019-10-31,113.8
488,1987-08-01,2019-10-31,2019-10-31,114.3
489,1987-09-01,2019-10-31,2019-10-31,114.7
490,1987-10-01,2019-10-31,2019-10-31,115.0
491,1987-11-01,2019-10-31,2019-10-31,115.4
492,1987-12-01,2019-10-31,2019-10-31,115.6
493,1988-01-01,2019-10-31,2019-10-31,116.0
494,1988-02-01,2019-10-31,2019-10-31,116.2
495,1988-03-01,2019-10-31,2019-10-31,116.5
496,1988-04-01,2019-10-31,2019-10-31,117.2
497,1988-05-01,2019-10-31,2019-10-31,117.5
498,1988-06-01,2019-10-31,2019-10-31,118.0
499,1988-07-01,2019-10-31,2019-10-31,118.5
500,1988-08-01,2019-10-31,2019-10-31,119.0
501,1988-09-01,2019-10-31,2019-10-31,119.5
502,1988-10-01,2019-10-31,2019-10-31,119.9
503,1988-11-01,2019-10-31,2019-10-31,120.3
504,1988-12-01,2019-10-31,2019-10-31,120.7
505,1989-01-01,2019-10-31,2019-10-31,121.2
506,1989-02-01,2019-10-31,2019-10-31,121.6
507,1989-03-01,2019-10-31,2019-10-31,122.2
508,1989-04-01,2019-10-31,2019-10-31,123.1
509,1989-05-01,2019-10-31,2019-10-31,123.7
510,1989-06-01,2019-10-31,2019-10-31,124.1
511,1989-07-01,2019-10-31,2019-10-31,124.5
512,1989-08-01,2019-10-31,2019-10-31,124.5
513,1989-09-01,2019-10-31,2019-10-31,124.8
514,1989-10-01,2019-10-31,2019-10-31,125.4
515,1989-11-01,2019-10-31,2019-10-31,125.9
516,1989-12-01,2019-10-31,2019-10-31,126.3
517,1990-01-01,2019-10-31,2019-10-31,127.5
518,1990-02-01,2019-10-31,2019-10-31,128.0
519,1990-03-01,2019-10-31,2019-10-31,128.6
520,1990-04-01,2019-10-31,2019-10-31,128.9
521,1990-05-01,2019-10-31,2019-10-31,129.1
522,1990-06-01,2019-10-31,2019-10-31,129.9
523,1990-07-01,2019-10-31,2019-10-31,130.5
524,1990-08-01,2019-10-31,2019-10-31,131.6
525,1990-09-01,2019-10-31,2019-10-31,132.5
526,1990-10-01,2019-10-31,2019-10-31,133.4
527,1990-11-01,2019-10-31,2019-10-31,133.7
528,1990-12-01,2019-10-31,2019-10-31,134.2
529,1991-01-01,2019-10-31,2019-10-31,134.7
530,1991-02-01,2019-10-31,2019-10-31,134.8
531,1991-03-01,2019-10-31,2019-10-31,134.8
532,1991-04-01,2019-10-31,2019-10-31,135.1
533,1991-05-01,2019-10-31,2019-10-31,135.6
534,1991-06-01,2019-10-31,2019-10-31,136.0
535,1991-07-01,2019-10-31,2019-10-31,136.2
536,1991-08-01,2019-10-31,2019-10-31,136.6
537,1991-09-01,2019-10-31,2019-10-31,137.0
538,1991-10-01,2019-10-31,2019-10-31,137.2
539,1991-11-01,2019-10-31,2019-10-31,137.8
540,1991-12-01,2019-10-31,2019-10-31,138.2
541,1992-01-01,2019-10-31,2019-10-31,138.3
542,1992-02-01,2019-10-31,2019-10-31,138.6
543,1992-03-01,2019-10-31,2019-10-31,139.1
544,1992-04-01,2019-10-31,2019-10-31,139.4
545,1992-05-01,2019-10-31,2019-10-31,139.7
546,1992-06-01,2019-10-31,2019-10-31,140.1
547,1992-07-01,2019-10-31,2019-10-31,140.5
548,1992-08-01,2019-10-31,2019-10-31,140.8
549,1992-09-01,2019-10-31,2019-10-31,141.1
550,1992-10-01,2019-10-31,2019-10-31,141.7
551,1992-11-01,2019-10-31,2019-10-31,142.1
552,1992-12-01,2019-10-31,2019-10-31,142.3
553,1993-01-01,2019-10-31,2019-10-31,142.8
554,1993-02-01,2019-10-31,2019-10-31,143.1
555,1993-03-01,2019-10-31,2019-10-31,143.3
556,1993-04-01,2019-10-31,2019-10-31,143.8
557,1993-05-01,2019-10-31,2019-10-31,144.2
558,1993-06-01,2019-10-31,2019-10-31,144.3
559,1993-07-01,2019-10-31,2019-10-31,144.5
560,1993-08-01,2019-10-31,2019-10-31,144.8
561,1993-09-01,2019-10-31,2019-10-31,145.0
562,1993-10-01,2019-10-31,2019-10-31,145.6
563,1993-11-01,2019-10-31,2019-10-31,146.0
564,1993-12-01,2019-10-31,2019-10-31,146.3
565,1994-01-01,2019-10-31,2019-10-31,146.3
566,1994-02-01,2019-10-31,2019-10-31,146.7
567,1994-03-01,2019-10-31,2019-10-31,147.1
568,1994-04-01,2019-10-31,2019-10-31,147.2
569,1994-05-01,2019-10-31,2019-10-31,147.5
570,1994-06-01,2019-10-31,2019-10-31,147.9
571,1994-07-01,2019-10-31,2019-10-31,148.4
572,1994-08-01,2019-10-31,2019-10-31,149.0
573,1994-09-01,2019-10-31,2019-10-31,149.3
574,1994-10-01,2019-10-31,2019-10-31,149.4
575,1994-11-01,2019-10-31,2019-10-31,149.8
576,1994-12-01,2019-10-31,2019-10-31,150.1
577,1995-01-01,2019-10-31,2019-10-31,150.5
578,1995-02-01,2019-10-31,2019-10-31,150.9
579,1995-03-01,2019-10-31,2019-10-31,151.2
580,1995-04-01,2019-10-31,2019-10-31,151.8
581,1995-05-01,2019-10-31,2019-10-31,152.1
582,1995-06-01,2019-10-31,2019-10-31,152.4
583,1995-07-01,2019-10-31,2019-10-31,152.6
584,1995-08-01,2019-10-31,2019-10-31,152.9
585,1995-09-01,2019-10-31,2019-10-31,153.1
586,1995-10-01,2019-10-31,2019-10-31,153.5
587,1995-11-01,2019-10-31,2019-10-31,153.7
588,1995-12-01,2019-10-31,2019-10-31,153.9
589,1996-01-01,2019-10-31,2019-10-31,154.7
590,1996-02-01,2019-10-31,2019-10-31,155.0
591,1996-03-01,2019-10-31,2019-10-31,155.5
592,1996-04-01,2019-10-31,2019-10-31,156.1
593,1996-05-01,2019-10-31,2019-10-31,156.4
594,1996-06-01,2019-10-31,2019-10-31,156.7
595,1996-07-01,2019-10-31,2019-10-31,157.0
596,1996-08-01,2019-10-31,2019-10-31,157.2
597,1996-09-01,2019-10-31,2019-10-31,157.7
598,1996-10-01,2019-10-31,2019-10-31,158.2
599,1996-11-01,2019-10-31,2019-10-31,158.7
600,1996-12-01,2019-10-31,2019-10-31,159.1
601,1997-01-01,2019-10-31,2019-10-31,159.4
602,1997-02-01,2019-10-31,2019-10-31,159.7
603,1997-03-01,2019-10-31,2019-10-31,159.8
604,1997-04-01,2019-10-31,2019-10-31,159.9
605,1997-05-01,2019-10-31,2019-10-31,159.9
606,1997-06-01,2019-10-31,2019-10-31,160.2
607,1997-07-01,2019-10-31,2019-10-31,160.4
608,1997-08-01,2019-10-31,2019-10-31,160.8
609,1997-09-01,2019-10-31,2019-10-31,161.2
610,1997-10-01,2019-10-31,2019-10-31,161.5
611,1997-11-01,2019-10-31,2019-10-31,161.7
612,1997-12-01,2019-10-31,2019-10-31,161.8
613,1998-01-01,2019-10-31,2019-10-31,162.0
614,1998-02-01,2019-10-31,2019-10-31,162.0
615,1998-03-01,2019-10-31,2019-10-31,162.0
616,1998-04-01,2019-10-31,2019-10-31,162.2
617,1998-05-01,2019-10-31,2019-10-31,162.6
618,1998-06-01,2019-10-31,2019-10-31,162.8
619,1998-07-01,2019-10-31,2019-10-31,163.2
620,1998-08-01,2019-10-31,2019-10-31,163.4
621,1998-09-01,2019-10-31,2019-10-31,163.5
622,1998-10-01,2019-10-31,2019-10-31,163.9
623,1998-11-01,2019-10-31,2019-10-31,164.1
624,1998-12-01,2019-10-31,2019-10-31,164.4
625,1999-01-01,2019-10-31,2019-10-31,164.7
626,1999-02-01,2019-10-31,2019-10-31,164.7
627,1999-03-01,2019-10-31,2019-10-31,164.8
628,1999-04-01,2019-10-31,2019-10-31,165.9
629,1999-05-01,2019-10-31,2019-10-31,166.0
630,1999-06-01,2019-10-31,2019-10-31,166.0
631,1999-07-01,2019-10-31,2019-10-31,166.7
632,1999-08-01,2019-10-31,2019-10-31,167.1
633,1999-09-01,2019-10-31,2019-10-31,167.8
634,1999-10-01,2019-10-31,2019-10-31,168.1
635,1999-11-01,2019-10-31,2019-10-31,168.4
636,1999-12-01,2019-10-31,2019-10-31,168.8
637,2000-01-01,2019-10-31,2019-10-31,169.3
638,2000-02-01,2019-10-31,2019-10-31,170.0
639,2000-03-01,2019-10-31,2019-10-31,171.0
640,2000-04-01,2019-10-31,2019-10-31,170.9
641,2000-05-01,2019-10-31,2019-10-31,171.2
642,2000-06-01,2019-10-31,2019-10-31,172.2
643,2000-07-01,2019-10-31,2019-10-31,172.7
644,2000-08-01,2019-10-31,2019-10-31,172.7
645,2000-09-01,2019-10-31,2019-10-31,173.6
646,2000-10-01,2019-10-31,2019-10-31,173.9
647,2000-11-01,2019-10-31,2019-10-31,174.2
648,2000-12-01,2019-10-31,2019-10-31,174.6
649,2001-01-01,2019-10-31,2019-10-31,175.6
650,2001-02-01,2019-10-31,2019-10-31,176.0
651,2001-03-01,2019-10-31,2019-10-31,176.1
652,2001-04-01,2019-10-31,2019-10-31,176.4
653,2001-05-01,2019-10-31,2019-10-31,177.3
654,2001-06-01,2019-10-31,2019-10-31,177.7
655,2001-07-01,2019-10-31,2019-10-31,177.4
656,2001-08-01,2019-10-31,2019-10-31,177.4
657,2001-09-01,2019-10-31,2019-10-31,178.1
658,2001-10-01,2019-10-31,2019-10-31,177.6
659,2001-11-01,2019-10-31,2019-10-31,177.5
660,2001-12-01,2019-10-31,2019-10-31,177.4
661,2002-01-01,2019-10-31,2019-10-31,177.7
662,2002-02-01,2019-10-31,2019-10-31,178.0
663,2002-03-01,2019-10-31,2019-10-31,178.5
664,2002-04-01,2019-10-31,2019-10-31,179.3
665,2002-05-01,2019-10-31,2019-10-31,179.5
666,2002-06-01,2019-10-31,2019-10-31,179.6
667,2002-07-01,2019-10-31,2019-10-31,180.0
668,2002-08-01,2019-10-31,2019-10-31,180.5
669,2002-09-01,2019-10-31,2019-10-31,180.8
670,2002-10-01,2019-10-31,2019-10-31,181.2
671,2002-11-01,2019-10-31,2019-10-31,181.5
672,2002-12-01,2019-10-31,2019-10-31,181.8
673,2003-01-01,2019-10-31,2019-10-31,182.6
674,2003-02-01,2019-10-31,2019-10-31,183.6
675,2003-03-01,2019-10-31,2019-10-31,183.9
676,2003-04-01,2019-10-31,2019-10-31,183.2
677,2003-05-01,2019-10-31,2019-10-31,182.9
678,2003-06-01,2019-10-31,2019-10-31,183.1
679,2003-07-01,2019-10-31,2019-10-31,183.7
680,2003-08-01,2019-10-31,2019-10-31,184.5
681,2003-09-01,2019-10-31,2019-10-31,185.1
682,2003-10-01,2019-10-31,2019-10-31,184.9
683,2003-11-01,2019-10-31,2019-10-31,185.0
684,2003-12-01,2019-10-31,2019-10-31,185.5
685,2004-01-01,2019-10-31,2019-10-31,186.3
686,2004-02-01,2019-10-31,2019-10-31,186.7
687,2004-03-01,2019-10-31,2019-10-31,187.1
688,2004-04-01,2019-10-31,2019-10-31,187.4
689,2004-05-01,2019-10-31,2019-10-31,188.2
690,2004-06-01,2019-10-31,2019-10-31,188.9
691,2004-07-01,2019-10-31,2019-10-31,189.1
692,2004-08-01,2019-10-31,2019-10-31,189.2
693,2004-09-01,2019-10-31,2019-10-31,189.8
694,2004-10-01,2019-10-31,2019-10-31,190.8
695,2004-11-01,2019-10-31,2019-10-31,191.7
696,2004-12-01,2019-10-31,2019-10-31,191.7
697,2005-01-01,2019-10-31,2019-10-31,191.6
698,2005-02-01,2019-10-31,2019-10-31,192.4
699,2005-03-01,2019-10-31,2019-10-31,193.1
700,2005-04-01,2019-10-31,2019-10-31,193.7
701,2005-05-01,2019-10-31,2019-10-31,193.6
702,2005-06-01,2019-10-31,2019-10-31,193.7
703,2005-07-01,2019-10-31,2019-10-31,194.9
704,2005-08-01,2019-10-31,2019-10-31,196.1
705,2005-09-01,2019-10-31,2019-10-31,198.8
706,2005-10-01,2019-10-31,2019-10-31,199.1
707,2005-11-01,2019-10-31,2019-10-31,198.1
708,2005-12-01,2019-10-31,2019-10-31,198.1
709,2006-01-01,2019-10-31,2019-10-31,199.3
710,2006-02-01,2019-10-31,2019-10-31,199.4
711,2006-03-01,2019-10-31,2019-10-31,199.7
712,2006-04-01,2019-10-31,2019-10-31,200.7
713,2006-05-01,2019-10-31,2019-10-31,201.3
714,2006-06-01,2019-10-31,2019-10-31,201.8
715,2006-07-01,2019-10-31,2019-10-31,202.9
716,2006-08-01,2019-10-31,2019-10-31,203.8
717,2006-09-01,2019-10-31,2019-10-31,202.8
718,2006-10-01,2019-10-31,2019-10-31,201.9
719,2006-11-01,2019-10-31,2019-10-31,202.0
720,2006-12-01,2019-10-31,2019-10-31,203.1
721,2007-01-01,2019-10-31,2019-10-31,203.437
722,2007-02-01,2019-10-31,2019-10-31,204.226
723,2007-03-01,2019-10-31,2019-10-31,205.288
724,2007-04-01,2019-10-31,2019-10-31,205.904
725,2007-05-01,2019-10-31,2019-10-31,206.755
726,2007-06-01,2019-10-31,2019-10-31,207.234
727,2007-07-01,2019-10-31,2019-10-31,207.603
728,2007-08-01,2019-10-31,2019-10-31,207.667
729,2007-09-01,2019-10-31,2019-10-31,208.547
730,2007-10-01,2019-10-31,2019-10-31,209.19
731,2007-11-01,2019-10-31,2019-10-31,210.834
732,2007-12-01,2019-10-31,2019-10-31,211.445
733,2008-01-01,2019-10-31,2019-10-31,212.174
734,2008-02-01,2019-10-31,2019-10-31,212.687
735,2008-03-01,2019-10-31,2019-10-31,213.448
736,2008-04-01,2019-10-31,2019-10-31,213.942
737,2008-05-01,2019-10-31,2019-10-31,215.208
738,2008-06-01,2019-10-31,2019-10-31,217.463
739,2008-07-01,2019-10-31,2019-10-31,219.016
740,2008-08-01,2019-10-31,2019-10-31,218.69
741,2008-09-01,2019-10-31,2019-10-31,218.877
742,2008-10-01,2019-10-31,2019-10-31,216.995
743,2008-11-01,2019-10-31,2019-10-31,213.153
744,2008-12-01,2019-10-31,2019-10-31,211.398
745,2009-01-01,2019-10-31,2019-10-31,211.933
746,2009-02-01,2019-10-31,2019-10-31,212.705
747,2009-03-01,2019-10-31,2019-10-31,212.495
748,2009-04-01,2019-10-31,2019-10-31,212.709
749,2009-05-01,2019-10-31,2019-10-31,213.022
750,2009-06-01,2019-10-31,2019-10-31,214.79
751,2009-07-01,2019-10-31,2019-10-31,214.726
752,2009-08-01,2019-10-31,2019-10-31,215.445
753,2009-09-01,2019-10-31,2019-10-31,215.861
754,2009-10-01,2019-10-31,2019-10-31,216.509
755,2009-11-01,2019-10-31,2019-10-31,217.234
756,2009-12-01,2019-10-31,2019-10-31,217.347
757,2010-01-01,2019-10-31,2019-10-31,217.488
758,2010-02-01,2019-10-31,2019-10-31,217.281
759,2010-03-01,2019-10-31,2019-10-31,217.353
760,2010-04-01,2019-10-31,2019-10-31,217.403
761,2010-05-01,2019-10-31,2019-10-31,217.29
762,2010-06-01,2019-10-31,2019-10-31,217.199
763,2010-07-01,2019-10-31,2019-10-31,217.605
764,2010-08-01,2019-10-31,2019-10-31,217.923
765,2010-09-01,2019-10-31,2019-10-31,218.275
766,2010-10-01,2019-10-31,2019-10-31,219.035
767,2010-11-01,2019-10-31,2019-10-31,219.59
768,2010-12-01,2019-10-31,2019-10-31,220.472
769,2011-01-01,2019-10-31,2019-10-31,221.187
770,2011-02-01,2019-10-31,2019-10-31,221.898
771,2011-03-01,2019-10-31,2019-10-31,223.046
772,2011-04-01,2019-10-31,2019-10-31,224.093
773,2011-05-01,2019-10-31,2019-10-31,224.806
774,2011-06-01,2019-10-31,2019-10-31,224.806
775,2011-07-01,2019-10-31,2019-10-31,225.395
776,2011-08-01,2019-10-31,2019-10-31,226.106
777,2011-09-01,2019-10-31,2019-10-31,226.597
778,2011-10-01,2019-10-31,2019-10-31,226.75
779,2011-11-01,2019-10-31,2019-10-31,227.169
780,2011-12-01,2019-10-31,2019-10-31,227.223
781,2012-01-01,2019-10-31,2019-10-31,227.842
782,2012-02-01,2019-10-31,2019-10-31,228.329
783,2012-03-01,2019-10-31,2019-10-31,228.807
784,2012-04-01,2019-10-31,2019-10-31,229.187
785,2012-05-01,2019-10-31,2019-10-31,228.713
786,2012-06-01,2019-10-31,2019-10-31,228.524
787,2012-07-01,2019-10-31,2019-10-31,228.59
788,2012-08-01,2019-10-31,2019-10-31,229.918
789,2012-09-01,2019-10-31,2019-10-31,231.015
790,2012-10-01,2019-10-31,2019-10-31,231.638
791,2012-11-01,2019-10-31,2019-10-31,231.249
792,2012-12-01,2019-10-31,2019-10-31,231.221
793,2013-01-01,2019-10-31,2019-10-31,231.679
794,2013-02-01,2019-10-31,2019-10-31,232.937
795,2013-03-01,2019-10-31,2019-10-31,232.282
796,2013-04-01,2019-10-31,2019-10-31,231.797
797,2013-05-01,2019-10-31,2019-10-31,231.893
798,2013-06-01,2019-10-31,2019-10-31,232.445
799,2013-07-01,2019-10-31,2019-10-31,232.9
800,2013-08-01,2019-10-31,2019-10-31,233.456
801,2013-09-01,2019-10-31,2019-10-31,233.544
802,2013-10-01,2019-10-31,2019-10-31,233.669
803,2013-11-01,2019-10-31,2019-10-31,234.1
804,2013-12-01,2019-10-31,2019-10-31,234.719
805,2014-01-01,2019-10-31,2019-10-31,235.288
806,2014-02-01,2019-10-31,2019-10-31,235.547
807,2014-03-01,2019-10-31,2019-10-31,236.028
808,2014-04-01,2019-10-31,2019-10-31,236.468
809,2014-05-01,2019-10-31,2019-10-31,236.918
810,2014-06-01,2019-10-31,2019-10-31,237.231
811,2014-07-01,2019-10-31,2019-10-31,237.498
812,2014-08-01,2019-10-31,2019-10-31,237.46
813,2014-09-01,2019-10-31,2019-10-31,237.477
814,2014-10-01,2019-10-31,2019-10-31,237.43
815,2014-11-01,2019-10-31,2019-10-31,236.983
816,2014-12-01,2019-10-31,2019-10-31,236.252
817,2015-01-01,2019-10-31,2019-10-31,234.718
818,2015-02-01,2019-10-31,2019-10-31,235.236
819,2015-03-01,2019-10-31,2019-10-31,236.005
820,2015-04-01,2019-10-31,2019-10-31,236.156
821,2015-05-01,2019-10-31,2019-10-31,236.974
822,2015-06-01,2019-10-31,2019-10-31,237.684
823,2015-07-01,2019-10-31,2019-10-31,238.053
824,2015-08-01,2019-10-31,2019-10-31,238.028
825,2015-09-01,2019-10-31,2019-10-31,237.506
826,2015-10-01,2019-10-31,2019-10-31,237.781
827,2015-11-01,2019-10-31,2019-10-31,238.016
828,2015-12-01,2019-10-31,2019-10-31,237.817
829,2016-01-01,2019-10-31,2019-10-31,237.833
830,2016-02-01,2019-10-31,2019-10-31,237.469
831,2016-03-01,2019-10-31,2019-10-31,238.038
832,2016-04-01,2019-10-31,2019-10-31,238.827
833,2016-05-01,2019-10-31,2019-10-31,239.464
834,2016-06-01,2019-10-31,2019-10-31,240.167
835,2016-07-01,2019-10-31,2019-10-31,240.15
836,2016-08-01,2019-10-31,2019-10-31,240.602
837,2016-09-01,2019-10-31,2019-10-31,241.051
838,2016-10-01,2019-10-31,2019-10-31,241.691
839,2016-11-01,2019-10-31,2019-10-31,242.029
840,2016-12-01,2019-10-31,2019-10-31,242.772
841,2017-01-01,2019-10-31,2019-10-31,243.78
842,2017-02-01,2019-10-31,2019-10-31,243.961
843,2017-03-01,2019-10-31,2019-10-31,243.749
844,2017-04-01,2019-10-31,2019-10-31,244.051
845,2017-05-01,2019-10-31,2019-10-31,243.962
846,2017-06-01,2019-10-31,2019-10-31,244.182
847,2017-07-01,2019-10-31,2019-10-31,244.39
848,2017-08-01,2019-10-31,2019-10-31,245.297
849,2017-09-01,2019-10-31,2019-10-31,246.418
850,2017-10-01,2019-10-31,2019-10-31,246.587
851,2017-11-01,2019-10-31,2019-10-31,247.332
852,2017-12-01,2019-10-31,2019-10-31,247.901
853,2018-01-01,2019-10-31,2019-10-31,248.884
854,2018-02-01,2019-10-31,2019-10-31,249.369
855,2018-03-01,2019-10-31,2019-10-31,249.498
856,2018-04-01,2019-10-31,2019-10-31,249.956
857,2018-05-01,2019-10-31,2019-10-31,250.646
858,2018-06-01,2019-10-31,2019-10-31,251.134
859,2018-07-01,2019-10-31,2019-10-31,251.597
860,2018-08-01,2019-10-31,2019-10-31,251.879
861,2018-09-01,2019-10-31,2019-10-31,252.01
862,2018-10-01,2019-10-31,2019-10-31,252.794
863,2018-11-01,2019-10-31,2019-10-31,252.76
864,2018-12-01,2019-10-31,2019-10-31,252.723
865,2019-01-01,2019-10-31,2019-10-31,252.673
866,2019-02-01,2019-10-31,2019-10-31,253.113
867,2019-03-01,2019-10-31,2019-10-31,254.148
868,2019-04-01,2019-10-31,2019-10-31,254.958
869,2019-05-01,2019-10-31,2019-10-31,255.155
870,2019-06-01,2019-10-31,2019-10-31,255.305
871,2019-07-01,2019-10-31,2019-10-31,256.161
872,2019-08-01,2019-10-31,2019-10-31,256.3
873,2019-09-01,2019-10-31,2019-10-31,256.358
